count_legs,legs_up,legs_down,pips_up,pips_down,hours_up,hours_down,edge_legs,edge_pips,edge_hours,threshold_pips
20293,10147,10146,699388.9,693020.6,88044,86842,1.0000985610092648,1.0091891929330816,1.0138412288984593,20.0
6983,3492,3491,495820.70000000007,489452.4,87565,87321,1.000286450873675,1.013011071148083,1.0027942877429254,50.0
2789,1395,1394,351071.4,344635.3,88166,86565,1.0007173601147776,1.018675103798131,1.0184947727141453,100.0
942,471,471,225780.0,219675.60000000003,90210,83693,1.0,1.0277882477616993,1.0778679220484388,200.0
